Workbook
Name DataChannelCountSetting: Beállítások!$C$8
Name DataDelaySetting: Beállítások!$C$4
Name DataOrientationSetting: Beállítások!$C$10
Name DataRowCountSetting: Beállítások!$C$6
Name Manifest_BaudRate: Jegyzékfájl!$I$9
Name Manifest_DataInterval: Jegyzékfájl!$I$7
Name Manifest_Generated: Jegyzékfájl!$K$5
Name Manifest_Id: Jegyzékfájl!$I$5:$J$5
Name Manifest_Schema: Jegyzékfájl!$L$1

Sheet Munka1
C1: Az indításhoz s -> Enter
A2: I (mA) | B2: U(V) | C2: s
A3: =IF(ISERROR(VALUE('Bejövő adatok'!F9)),"",'Bejövő adatok'!F9) -> 235.3 | B3: =IF(ISERROR(VALUE('Bejövő adatok'!E9)),"",'Bejövő adatok'!E9) -> 2.589
A4: =IF(ISERROR(VALUE('Bejövő adatok'!F10)),"",'Bejövő adatok'!F10) -> 222.64 | B4: =IF(ISERROR(VALUE('Bejövő adatok'!E10)),"",'Bejövő adatok'!E10) -> 2.588
A5: =IF(ISERROR(VALUE('Bejövő adatok'!F11)),"",'Bejövő adatok'!F11) -> 215.13 | B5: =IF(ISERROR(VALUE('Bejövő adatok'!E11)),"",'Bejövő adatok'!E11) -> 2.624
A6: =IF(ISERROR(VALUE('Bejövő adatok'!F12)),"",'Bejövő adatok'!F12) -> 203.67 | B6: =IF(ISERROR(VALUE('Bejövő adatok'!E12)),"",'Bejövő adatok'!E12) -> 2.673
A7: =IF(ISERROR(VALUE('Bejövő adatok'!F13)),"",'Bejövő adatok'!F13) -> 191.12 | B7: =IF(ISERROR(VALUE('Bejövő adatok'!E13)),"",'Bejövő adatok'!E13) -> 2.717
A8: =IF(ISERROR(VALUE('Bejövő adatok'!F14)),"",'Bejövő adatok'!F14) -> 165.62 | B8: =IF(ISERROR(VALUE('Bejövő adatok'!E14)),"",'Bejövő adatok'!E14) -> 2.762
A9: =IF(ISERROR(VALUE('Bejövő adatok'!F15)),"",'Bejövő adatok'!F15) -> 140.12 | B9: =IF(ISERROR(VALUE('Bejövő adatok'!E15)),"",'Bejövő adatok'!E15) -> 2.807
A10: =IF(ISERROR(VALUE('Bejövő adatok'!F16)),"",'Bejövő adatok'!F16) -> 123.64 | B10: =IF(ISERROR(VALUE('Bejövő adatok'!E16)),"",'Bejövő adatok'!E16) -> 2.874
A11: =IF(ISERROR(VALUE('Bejövő adatok'!F17)),"",'Bejövő adatok'!F17) -> 108.57 | B11: =IF(ISERROR(VALUE('Bejövő adatok'!E17)),"",'Bejövő adatok'!E17) -> 2.915
A12: =IF(ISERROR(VALUE('Bejövő adatok'!F18)),"",'Bejövő adatok'!F18) -> 93.27 | B12: =IF(ISERROR(VALUE('Bejövő adatok'!E18)),"",'Bejövő adatok'!E18) -> 2.956
A13: =IF(ISERROR(VALUE('Bejövő adatok'!F19)),"",'Bejövő adatok'!F19) -> 71.78 | B13: =IF(ISERROR(VALUE('Bejövő adatok'!E19)),"",'Bejövő adatok'!E19) -> 2.991
A14: =IF(ISERROR(VALUE('Bejövő adatok'!F20)),"",'Bejövő adatok'!F20) -> 58.94 | B14: =IF(ISERROR(VALUE('Bejövő adatok'!E20)),"",'Bejövő adatok'!E20) -> 3.02
... A27: =IF(ISERROR(VALUE('Bejövő adatok'!F33)),"",'Bejövő adatok'!F33) -> 0 | B27: =IF(ISERROR(VALUE('Bejövő adatok'!E33)),"",'Bejövő adatok'!E33) -> 3.171

Sheet Bejövő adatok
A1: Bejövő adatok innen: USB-SERIAL CH340 (COM6)
A2: Ebben a szakaszban fognak megjelenni a jelenlegi adatforrásból érkező adatok a fogadásukkor.
A3: Jelenlegi adatok
A4: TIME | B4: CH1 | C4: CH2 | D4: CH3 | E4: CH4 | F4: CH5 | G4: CH6 | H4: CH7 | I4: CH8 | J4: CH9 | K4: CH10
A5: 46246.361 | B5: Send 's' for another measurement.
A6: Előzményadatok
A7: TIME | B7: CH1 | C7: CH2 | D7: CH3 | E7: CH4 | F7: CH5 | G7: CH6 | H7: CH7 | I7: CH8 | J7: CH9 | K7: CH10
A8: 46246.361 | B8: Send 's' for another measurement.
A9: 46246.361 | B9: 132 | C9: 2.416 | D9: 3.121 | E9: 2.589 | F9: 235.3
A10: 46246.361 | B10: 131 | C10: 2.411 | D10: 3.12 | E10: 2.588 | F10: 222.64
A11: 46246.361 | B11: 130 | C11: 2.387 | D11: 3.136 | E11: 2.624 | F11: 215.13
A12: 46246.361 | B12: 129 | C12: 2.365 | D12: 3.13 | E12: 2.673 | F12: 203.67
A13: 46246.361 | B13: 128 | C13: 2.345 | D13: 3.129 | E13: 2.717 | F13: 191.12
A14: 46246.361 | B14: 127 | C14: 2.328 | D14: 3.134 | E14: 2.762 | F14: 165.62
A15: 46246.361 | B15: 126 | C15: 2.309 | D15: 3.139 | E15: 2.807 | F15: 140.12
A16: 46246.361 | B16: 125 | C16: 2.297 | D16: 3.138 | E16: 2.874 | F16: 123.64
A17: 46246.361 | B17: 124 | C17: 2.271 | D17: 3.141 | E17: 2.915 | F17: 108.57
A18: 46246.361 | B18: 123 | C18: 2.252 | D18: 3.142 | E18: 2.956 | F18: 93.27
A19: 46246.361 | B19: 122 | C19: 2.231 | D19: 3.148 | E19: 2.991 | F19: 71.78
A20: 46246.361 | B20: 121 | C20: 2.219 | D20: 3.149 | E20: 3.02 | F20: 58.94
... A34: 46246.361 | B34: 98 | C34: 1.794 | D34: 3.157 | E34: 3.168 | F34: 0
A35: 46246.361 | B35: PWM | C35: Ug_V | D35: Ut_V | E35: Uk_V | F35: I_mA

Sheet Kimenő adatok
A1: Kimenő adatok (küldés az eszközre)
A2: Az alábbi csatornákba bevitt adatokat a rendszer egy vesszővel tagolt karakterláncként küldi el a jelenleg csatlakoztatott eszköznek.
A4: CH1 | B4: CH2 | C4: CH3 | D4: CH4 | E4: CH5 | F4: CH6 | G4: CH7 | H4: CH8 | I4: CH9 | J4: CH10
A5: =Munka1!C2 -> s

Sheet Beállítások
A1: Munkafüzet-beállítások
A2: Az alábbi beállítások hatással lesznek arra, hogy miként olvassa be a program az adatokat az adatforrásokból a jelenlegi munkafüzetbe. Az egyes mezők tartalmának törlésével visszaállíthatja az alapértelmezett beállításukat.
A4: Adatok időköze (ms) | B4: 150 | C4: 150
A6: Adatsorok | B6: 15 | C6: 200
A8: Adatcsatornák | B8: 10 | C8: 10
A10: Adatok iránya | B10: Legújabbak utoljára | C10: Legújabbak elöl
A13: FIGYELMEZTETÉS: Ha módosítja a beállításokat, tartalmak és/vagy egyéni formázások veszhetnek el a Bejövő adatok és a Kimenő adatok munkalapon. Az értékek módosítása előtt mindig mentse a beállításokat.

Sheet Jegyzékfájl
A1: USB-SERIAL CH340 | L1: {"Channels":[{"Description":null,"Id":null,"IsGhost":false,"Name":null,"Status":"Active","SubChannels":[{"Description":null,"Id":"CH1","IsGhost":false,"Name":"CH1","Status":"Active","SubChannels":[],"UnitOfMeasure":null},{"Description":null,"Id":"CH2","IsGhost":false,"Name":"CH2","Status":"Active","SubChannels":[],"UnitOfMeasure":null},{"Description":null,"Id":"CH3","IsGhost":false,"Name":"CH3","Status":"Active","SubChannels":[],"UnitOfMeasure":null},{"Description":null,"Id":"CH4","IsGhost":false,"Name":"CH4","Status":"Active","SubChannels":[],"UnitOfMeasure":null},{"Description":null,"Id":"CH5","IsGhost":false,"Name":"CH5","Status":"Active","SubChannels":[],"UnitOfMeasure":null},{"Description":null,"Id":"CH6","IsGhost":false,"Name":"CH6","Status":"Active","SubChannels":[],"UnitOfMeasure":null},{"Description":null,"Id":"CH7","IsGhost":false,"Name":"CH7","Status":"Active","SubChannels":[],"UnitOfMeasure":null},{"Description":null,"Id":"CH8","IsGhost":false,"Name":"CH8","Status":"Active","SubChannels":[],"UnitOfMeasure":null},{"Description":null,"Id":"CH9","IsGhost":false,"Name":"CH9","Status":"Active","SubChannels":[],"UnitOfMeasure":null},{"Description":null,"Id":"CH10","IsGhost":false,"Name":"CH10","Status":"Active","SubChannels":[],"UnitOfMeasure":null}],"UnitOfMeasure":null}],"Commands":[],"DataInterval":150,"Id":"C5F4F342-7B56-47B8-9D30-B10A1AD4A173","IsGenerated":true,"Name":"USB-SERIAL CH340","Version":null,"BaudRate":115200}
A2: Ez a jegyzékfájl a csatlakoztatott eszközhöz készült. Ha itt módosítja az eszköz nevét és a csatorna adatait, frissítjük a munkalapon lévő adatokat.
B3: Csatornák
I4: Adatforrás azonosítója
C5: Azonosító | D5: Név | E5: Leírás | F5: Mértékegység | G5: Aktív | I5: C5F4F342-7B56-47B8-9D30-B10A1AD4A173 | K5: 1
C6: CH1 | D6: CH1 | G6: ü | I6: Adatok időköze (ms)
C7: CH2 | D7: CH2 | G7: ü | I7: 150
C8: CH3 | D8: CH3 | G8: ü | I8: Átviteli sebesség
C9: CH4 | D9: CH4 | G9: ü | I9: 115200
C10: CH5 | D10: CH5 | G10: ü
C11: CH6 | D11: CH6 | G11: ü
C12: CH7 | D12: CH7 | G12: ü
C13: CH8 | D13: CH8 | G13: ü
C14: CH9 | D14: CH9 | G14: ü
C15: CH10 | D15: CH10 | G15: ü
